origen_id,destino_id,costo
216,47,57
217,16,65
218,54,82
219,14,66
220,15,43
221,41,48
222,47,34
223,46,100
224,18,63
225,10,100
226,33,91
227,8,56
228,29,44
229,26,100
230,24,95
231,20,100
232,35,100
233,54,67
234,27,100
235,9,100
236,34,73
237,12,70
238,37,21
239,23,44
240,42,46
241,20,76
242,13,85
243,41,54
244,14,100
245,15,97
246,19,100
247,43,60
248,50,97
249,32,57
250,7,100
251,12,84
252,16,42
253,9,100
254,45,75
255,19,54
256,51,86
257,39,66
258,27,94
259,17,64
260,39,93
261,54,100
262,6,91
263,10,55
264,15,76
265,10,79
266,17,100
267,38,95
268,53,100
269,6,96
270,40,96
271,33,79
271,34,47
272,40,80
273,18,96
274,9,73
275,6,100
276,51,95
277,37,66
278,52,90
278,19,100
279,20,78
280,53,73
281,9,66
282,33,100
283,18,77
284,19,73
285,39,85
286,9,100
287,23,65
288,53,100
289,27,100
290,47,66
291,38,100
292,13,100
293,9,92
294,51,46
295,27,100
296,16,60
297,30,78
298,52,75
299,47,43
300,32,100
301,48,68
302,51,66
302,50,80
303,27,99
304,20,100
305,26,98
306,46,100
307,12,96
308,25,40
309,32,96
310,18,94
311,48,59
312,49,53
313,29,93
314,16,56
315,46,71
315,39,65
316,27,61
317,41,74
318,10,100
319,12,76
320,9,95
321,21,54
322,30,89
323,18,80
324,52,74
325,35,80
326,31,66
327,45,51
328,7,47
329,26,97
330,28,66
331,28,69
332,35,98
333,50,76
334,52,81
335,49,75
336,47,30
337,9,100
338,32,90
338,26,100
339,49,47
340,29,91
341,34,62
342,7,58
343,16,100
344,38,95
345,46,74
345,24,73
346,45,96
347,11,100
348,46,78
349,32,89
349,28,78
350,31,100
351,10,91
352,24,68
353,36,57
354,29,57
355,6,65
356,12,67
357,46,62
358,25,59
359,24,100
360,45,61
361,50,99
362,54,100
363,29,44
364,55,89
365,14,64
366,48,48
367,28,61
368,23,66
369,37,29
370,48,73
371,8,68
372,29,100
373,55,100
374,14,69
375,32,59
376,30,100
377,12,88
378,45,85
379,25,43
380,14,68
381,27,70
382,27,91
383,40,95
384,26,69
384,44,60
385,55,95
386,14,53
387,25,84
388,29,93
389,25,76
390,50,88
391,8,98
392,7,100
393,27,100
394,28,70
395,26,99
396,15,93
397,11,62
398,28,73
399,49,91
400,47,62
401,47,64
402,47,53
403,13,68
404,50,100
405,20,100
406,26,100
407,42,61
407,36,68
408,48,100
409,54,69
410,19,100
411,53,100
412,20,100
413,8,65
414,43,100
415,8,69
416,20,57
417,27,75
418,53,90
419,7,100
420,39,81
421,39,64
422,42,32
422,20,63
423,19,100
424,43,100
425,41,39
426,33,84
427,18,69
428,50,70
429,10,92
430,55,74
431,23,72
432,27,76
433,12,98
434,17,82
435,35,100
436,14,55
437,22,60
438,7,86
439,7,99
440,9,100
441,42,34
442,54,100
443,8,100
444,25,100
445,23,100
445,10,100
446,28,71
447,15,68
448,23,72
449,17,86
450,10,100
451,21,66
452,41,43
453,24,54
454,11,65
455,37,88
456,12,84
457,40,100
458,36,70
459,24,79
460,45,67
461,50,88
462,40,91
463,16,39
464,15,79
465,46,63
466,45,99
466,38,100
467,33,93
468,44,100
469,11,50
470,47,67
471,53,100
472,17,80
473,39,100
474,20,85
475,48,53
476,28,71
477,40,78
478,30,91
479,16,51
480,55,77
481,23,58
482,21,41
483,38,85
484,18,59
485,47,71
486,7,100
487,19,78
488,43,68
489,12,60
490,30,100
491,45,51
492,16,88
493,28,56
494,39,67
495,33,75
496,53,100
497,26,61
498,24,65
499,13,100
500,13,25
501,15,76
502,35,69
503,51,93
504,7,70
505,25,54
506,40,90
507,14,52
507,21,50
508,10,100
509,7,65
510,24,72
511,22,66
512,20,100
513,9,65
514,44,74
515,17,74
515,35,90
516,11,85
517,24,100
518,33,96
519,29,36
520,8,96
521,13,51
522,14,53
523,31,75
524,48,67
524,46,88
525,20,60
526,9,91
527,15,82
528,45,79
529,47,39
529,46,64
530,34,100
531,17,100
532,30,100
533,33,91
534,19,76
535,29,75
536,21,74
537,37,64
538,18,100
539,21,74
540,25,69
541,13,31
542,14,88
543,13,56
544,25,83
545,27,64
546,8,88
547,41,70
548,15,76
548,28,70
549,18,100
550,8,71
551,32,70
551,48,53
552,37,63
553,13,50
554,50,100
555,37,34
556,18,76
557,9,97
558,24,79
559,49,79
560,31,85
561,17,48
562,12,50
563,32,74
564,51,100
565,11,74
566,45,81
567,35,88
568,55,92
569,34,34
569,37,28
570,30,74
571,20,90
572,27,90
573,18,71
574,22,31
575,37,87
576,30,100
576,18,100
577,25,100
578,24,100
579,43,100
580,47,32
581,27,90
582,20,94
583,55,80
584,11,64
585,17,96
585,33,100
586,30,100
587,25,48
588,35,100
589,41,99
590,43,68
591,35,100
592,44,69
593,9,53
594,9,100
595,11,92
596,40,86
597,44,79
597,43,78
598,35,97
599,55,60
600,16,66
601,23,63
602,13,100
603,29,45
604,45,100
605,7,63
606,6,100
607,11,41
608,54,100
609,12,100
610,25,55
611,27,75
612,6,96
613,27,91
614,55,97
615,8,83
615,9,86
616,39,45
616,41,35
617,14,77
618,24,75
619,37,43
620,27,81
620,7,72
621,15,80
621,55,94
622,55,100
623,44,58
624,17,84
625,36,59
625,18,76
626,38,86
627,17,68
628,55,100
629,32,100
630,55,100
631,12,51
632,25,59
633,29,82
633,43,100
634,19,57
635,51,61
636,25,93
636,27,100
637,43,92
638,24,100
639,27,78
640,15,82
641,10,57
642,45,69
643,49,64
644,25,50
645,13,60
646,41,94
647,14,85
648,28,37
649,27,100
650,12,52
651,37,46
652,28,91
653,30,93
654,19,95
655,48,47
656,20,88
657,11,83
658,30,98
659,21,100
660,55,89
661,46,83
662,52,38
663,38,59
664,49,97
665,39,62
666,22,61
667,16,36
667,20,63
668,10,64
669,31,100
670,17,99
671,42,69
672,29,64
673,48,70
674,33,81
675,40,68
676,42,60
677,17,61
678,39,90
678,36,78
679,13,61
680,52,81
681,33,73
682,10,54
683,35,72
684,50,69
685,55,100
686,41,61
687,34,80
688,8,53
689,53,98
690,30,99
691,53,67
692,41,78
693,40,94
694,13,76
695,39,100
696,44,79
697,49,100
698,53,100
698,31,100
699,22,25
700,15,85
701,24,80
702,24,100
703,19,61
704,47,91
704,9,100
705,29,69
706,6,100
707,43,54
707,30,55
708,23,79
709,46,97
710,39,96
711,46,80
712,35,100
713,44,83
714,14,53
715,29,30
716,14,74
717,49,100
718,50,59
719,39,60
720,7,75
721,44,95
722,33,69
723,37,67
724,47,45
725,7,61
726,25,87
727,47,49
728,42,39
729,8,70
730,38,92
731,49,92
732,36,73
733,52,53
734,30,100
734,45,100
735,26,82
736,51,100
737,34,62
738,14,100
739,32,84
740,29,57
741,51,74
742,11,100
743,42,93
744,14,100
745,49,91
746,18,68
747,36,47
748,29,70
749,55,65
750,20,66
751,44,100
752,51,90
753,31,100
754,34,47
755,25,32
756,23,93
757,31,66
757,34,29
758,51,73
759,47,100
760,36,56
761,11,98
762,11,53
763,8,95
764,12,91
765,16,87
766,21,56
767,39,81
768,51,41
769,38,99
770,43,90
771,53,94
772,32,100
773,38,92
774,26,100
775,23,73
776,53,79
777,17,66
778,19,100
779,15,52
780,10,97
780,38,100
781,11,65
782,25,78
783,13,75
784,35,98
785,49,62
786,12,56
787,9,100
788,22,54
789,14,54
790,53,100
791,53,89
792,9,68
793,16,40
794,15,93
795,18,100
796,55,100
796,23,100
797,26,100
798,39,54
799,20,78
800,13,44
801,32,63
802,51,100
803,15,67
804,26,100
805,53,90
806,33,100
807,39,81
807,29,64
808,30,73
808,8,71
809,11,98
810,13,67
811,35,100
812,20,83
813,23,84
813,53,100
814,48,82
815,44,80
816,24,100
817,48,73
818,31,92
819,53,100
820,16,47
821,20,100
822,29,27
823,54,91
824,54,92
825,35,86
826,36,92
827,34,100
827,41,100
828,51,100
829,55,84
830,11,100
831,28,95
832,35,100
833,35,94
834,20,100
835,24,73
836,18,100
837,23,76
838,47,41
839,36,52
840,7,86
841,31,89
842,34,69
843,51,84
844,38,78
845,6,84
846,51,61
846,22,47
847,17,51
848,22,28
849,49,79
850,27,100
851,54,100
852,27,69
853,31,91
854,26,83
855,46,100
856,18,55
857,14,79
858,39,86
859,10,71
860,16,48
861,33,74
862,29,67
863,43,100
864,18,63
865,6,94
866,16,56
867,30,100
868,23,94
869,15,83
870,36,85
871,12,44
872,37,70
873,51,45
874,19,83
875,13,87
875,6,100
876,51,78
877,38,100
878,24,100
879,18,70
880,10,78
881,35,78
882,20,100
883,18,92
884,6,69
885,22,53
886,25,51
887,30,83
888,55,76
889,47,30
890,20,100
891,28,89
892,30,100
893,54,71
894,49,67
895,48,100
896,50,61
897,49,46
898,22,62
899,8,61
900,13,33
901,21,82
902,25,40
903,54,100
904,46,54
905,22,56
906,39,44
907,9,69
908,53,80
909,37,58
910,46,94
911,47,45
912,49,90
913,16,47
914,36,41
915,19,96
915,54,100
916,39,94
917,107,100
918,99,100
919,100,77
920,23,72
921,48,61
922,113,58
923,96,59
924,98,61
925,99,100
926,110,35
927,91,72
928,98,69
929,44,100
930,114,99
931,103,82
932,16,58
933,104,76
933,93,70
934,100,77
935,41,57
936,106,86
937,108,74
938,107,100
939,102,82
940,89,22
941,111,37
942,54,68
942,21,50
943,114,72
944,98,53
945,8,100
946,40,83
947,98,51
948,100,60
949,106,78
950,91,75
951,88,82
952,93,57
953,107,59
954,89,35
955,113,95
956,97,66
957,11,66
958,109,100
959,96,28
960,105,73
961,97,64
962,99,98
962,113,58
963,89,30
964,100,66
964,111,33
965,95,100
966,100,68
967,50,100
968,94,43
969,107,100
970,35,100
971,44,88
972,103,65
973,36,41
974,104,100
975,96,27
976,113,40
977,94,88
978,95,75
979,101,100
980,9,100
981,101,93
982,12,72
983,97,51
984,37,100
985,106,92
986,109,67
987,111,30
988,87,70
989,109,100
990,100,90
991,24,93
992,91,93
993,17,100
994,107,75
995,44,100
996,105,91
997,87,91
998,99,100
999,100,83
1000,27,54
1001,14,63
1002,99,96
1003,113,100
1004,44,73
1005,108,89
1006,101,94
1006,96,69
1007,29,64
1008,27,81
1009,109,100
1010,113,82
1011,115,97
1012,110,67
1013,22,82
1014,102,58
1015,35,81
1016,95,71
1017,90,96
1017,113,72
1018,97,52
1019,86,100
1020,20,90
1021,115,89
1021,105,79
1022,114,100
1023,88,100
1024,26,100
1025,93,100
1026,87,60
1027,90,100
1028,90,62
1029,49,80
1030,101,70
1031,94,54
1032,97,37
1032,95,63
1033,104,89
1034,95,79
1035,18,78
1036,105,54
1037,103,46
1037,106,77
1038,99,97
1039,104,54
1040,30,100
1041,49,73
1042,95,72
1043,88,83
1044,114,50
1045,93,72
1046,105,91
1047,86,100
1048,101,88
1049,95,65
1050,102,91
1051,92,100
1052,8,79
1053,100,70
1054,93,88
1055,31,100
1056,96,34
1056,107,56
1057,87,100
1058,21,60
1059,47,34
1060,25,56
1061,92,36
1062,86,56
1063,92,61
1064,45,82
1064,42,65
1065,17,66
1066,97,63
1067,86,69
1068,112,100
1069,43,100
1070,95,56
1071,105,75
1072,39,80
1073,113,41
1073,103,47
1074,93,89
1075,101,91
1076,34,63
1077,100,76
1078,88,100
1079,31,75
1080,86,100
1081,99,100
1082,40,100
1083,28,43
1084,94,63
1085,93,81
1086,91,38
1087,104,89
1088,89,39
1089,93,100
1090,104,72
1091,18,100
1092,49,76
1093,109,90
1094,102,100
1095,97,100
1096,102,100
1097,86,100
1098,95,89
1099,103,52
1100,110,41
1101,89,90
1102,93,74
1103,99,100
1104,28,37
1105,114,93
1106,101,79
1107,89,47
1108,98,68
1109,41,71
1110,37,36
1111,101,66
1112,93,67
1113,91,100
1113,90,100
1114,15,100
1115,32,62
1116,109,84
1116,89,51
1117,27,76
1118,86,63
1119,90,78
1120,87,55
1121,111,40
1122,86,76
1123,47,62
1124,86,65
1125,102,100
1126,22,67
1127,96,45
1128,39,57
1129,6,70
1129,55,62
1130,114,54
1131,108,93
1132,45,89
1133,101,100
1134,111,23
1135,89,100
1136,100,57
1137,100,100
1138,93,79
1139,97,75
1140,53,85
1141,103,40
1142,103,40
1143,99,100
1144,34,25
1145,101,71
1146,108,100
1147,98,55
1148,114,63
1149,107,77
1150,110,69
1151,115,100
1152,13,55
1153,93,65
1154,98,57
1155,35,88
1156,109,94
1156,107,81
1157,109,100
1158,110,91
1158,108,100
1159,100,63
1159,93,59
1160,115,88
1161,28,73
1162,96,66
1163,110,21
1164,110,65
1164,115,97
1165,102,76
1166,95,84
1167,95,70
1168,105,71
1169,28,52
1170,6,66
1171,108,87
1172,114,64
1172,111,33
1173,100,100
1174,109,100
1175,111,40
1176,87,100
1177,95,74
1178,31,100
1179,86,54
1180,94,47
1181,86,100
1181,111,100
1182,100,51
1182,111,18
1183,47,27
1184,96,57
1185,109,100
1186,35,88
1187,112,86
1188,94,49
1188,99,96
1189,35,80
1190,109,100
1191,92,66
1191,113,56
1192,19,73
1193,98,67
1194,91,76
1195,90,77
1196,109,90
1197,108,86
1198,95,57
1199,7,99
1200,89,50
1201,44,100
1202,52,33
1203,104,100
1204,50,86
1205,93,94
1206,110,44
1207,17,100
1208,43,65
1209,93,81
1210,112,81
1211,90,56
1212,90,81
1212,109,88
1213,86,67
1214,47,34
1215,89,70
1216,91,100
1217,43,100
1218,87,90
1219,87,98
1220,114,91
1221,95,93
1222,11,94
1223,103,53
1224,18,92
1225,109,100
1226,115,100
1227,90,94
1227,108,100
1228,105,53
1229,93,77
1230,113,64
1231,91,58
1232,100,80
1232,106,91
1233,19,96
1234,99,90
1235,111,39
1236,52,36
1237,107,56
1238,96,65
1239,94,15
1240,108,85
1241,98,49
1242,46,92
1243,43,100
1244,43,93
1245,91,88
1246,91,59
1247,30,100
1248,110,42
1249,54,100
1250,107,83
1251,112,49
1252,8,56
1253,22,82
1254,113,78
1255,104,88
1256,95,67
1257,104,61
1258,112,85
1259,40,98
1260,101,94
1261,44,81
1262,106,100
1263,86,72
1264,17,100
1264,49,98
1265,93,100
1266,41,60
1267,8,100
1268,13,66
1268,54,94
1269,110,52
1270,110,100
1271,112,52
1272,92,100
1273,89,60
1274,98,73
1275,92,79
1276,115,82
1277,30,100
1278,113,71
1279,35,90
1280,100,100
1280,90,100
1281,97,38
1282,43,67
1283,86,77
1284,11,100
1285,26,100
1286,98,62
1287,112,50
1288,86,61
1289,87,71
1290,11,100
1291,27,100
1292,98,60
1293,94,37
1293,97,43
1294,98,50
1295,12,100
1296,111,38
1297,114,91
1298,53,100
1299,87,77
1300,114,79
1301,105,81
1302,104,81
1303,99,63
1304,103,32
1305,103,100
1306,88,94
1307,31,93
1308,109,100
1309,91,77
1310,109,90
1311,104,100
1312,34,37
1313,113,42
1313,99,82
1314,106,100
1315,10,74
1316,113,64
1317,112,67
1318,89,38
1319,102,100
1320,103,86
1320,89,78
1321,113,67
1321,108,100
1322,108,68
1323,89,27
1324,106,100
1325,47,24
1326,106,100
1327,91,66
1328,108,100
1328,99,100
1329,88,100
1330,111,34
1331,108,70
1332,115,90
1333,52,47
1334,102,68
1335,101,48
1336,115,78
1337,115,51
1338,106,91
1339,40,69
1340,89,63
1341,113,33
1342,17,92
1343,106,100
1343,94,98
1344,92,39
1345,111,19
1346,115,59
1347,108,97
1348,110,100
1349,9,100
1350,107,80
1351,17,90
1352,102,99
1353,42,51
1354,101,61
1355,40,85
1356,103,45
1357,89,67
1358,110,63
1358,99,100
1359,102,53
1360,6,100
1361,15,52
1362,86,84
1363,114,61
1364,114,83
1365,21,78
1366,27,100
1367,110,90
1368,92,100
1369,95,48
1370,30,100
1371,90,75
1372,115,99
1373,88,66
1374,112,93
1375,97,61
1376,46,100
1377,99,88
1378,98,64
1379,102,100
1379,115,100
1380,114,98
1381,37,57
1381,34,63
1382,109,71
1383,16,73
1384,99,100
1385,11,95
1386,98,100
1387,110,63
1388,102,94
1389,102,61
1390,109,56
1391,113,27
1392,7,79
1393,92,55
1394,94,67
1395,103,70
1396,44,93
1397,98,82
1397,113,63
1398,15,79
1399,11,64
1400,110,59
1401,28,56
1402,95,89
1403,108,62
1404,88,96
1405,87,57
1406,105,66
1407,91,65
1408,24,71
1409,92,67
1410,115,88
1411,34,100
1412,105,63
1413,19,89
1414,107,57
1415,107,90
1416,96,92
1417,101,79
1417,93,80
1418,100,62
1419,96,100
1420,108,100
1421,104,89
1422,106,83
1423,100,100
1424,107,77
1425,14,87
1426,99,77
1427,14,85
1428,38,89
1429,52,55
1430,99,66
1431,24,84
1432,99,62
1433,95,94
1433,98,88
1434,92,76
1435,95,100
1436,108,100
1437,90,88
1438,96,44
1439,97,51
1440,109,100
1441,112,94
1441,100,95
1442,50,74
1443,88,64
1444,104,100
1445,113,48
1446,12,89
1447,94,76
1448,99,100
1449,26,84
1450,107,48
1451,89,100
1452,30,100
1453,102,93
1454,32,100
1455,109,62
1456,92,86
1457,92,67
1458,111,62
1459,110,58
1460,110,28
1461,103,50
1461,100,70
1462,106,98
1463,91,92
1463,109,100
1464,44,100
1465,87,100
1466,91,100
1467,47,85
1468,108,91
1468,111,48
1469,114,81
1470,99,82
1471,44,57
1472,43,78
1473,90,82
1474,37,52
1474,9,87
1475,6,73
1476,109,100
1477,97,47
1478,96,51
1479,88,100
1480,95,100
1481,105,85
1482,38,86
1483,87,98
1484,100,75
1484,107,67
1485,109,69
1486,115,96
1487,111,50
1487,86,77
1488,92,75
1489,104,86
1489,92,68
1490,110,100
1491,93,100
1492,46,100
1493,55,100
1494,87,100
1495,7,100
1496,112,95
1497,100,88
1498,93,56
1499,45,81
1499,30,92
1500,87,100
6,46,87
6,71,60
6,18,85
6,83,88
7,65,59
7,32,71
8,9,82
8,49,70
8,40,77
9,42,56
9,46,81
9,41,65
10,54,81
10,81,70
10,80,79
10,6,84
11,69,54
11,60,58
12,35,84
12,43,71
12,77,69
13,81,56
13,49,53
14,3,70
14,73,72
15,81,64
15,74,72
15,56,33
16,54,63
16,18,51
16,33,59
17,28,56
17,82,80
17,65,59
17,67,40
18,25,54
18,46,73
18,38,72
18,73,81
19,32,75
19,6,92
19,14,69
19,40,82
20,12,75
20,80,88
21,85,73
21,11,58
21,31,76
22,24,47
22,49,44
23,77,68
23,31,80
23,65,56
23,21,59
24,51,60
24,38,72
25,45,47
25,85,64
26,60,76
26,78,92
26,46,86
26,32,83
27,77,79
27,46,80
28,32,56
28,41,42
29,76,43
29,59,22
30,60,67
30,52,52
30,69,62
30,73,85
31,2,96
31,77,85
31,10,83
31,68,83
32,43,73
32,24,70
32,85,80
32,71,44
33,73,89
33,48,59
34,45,42
34,49,46
34,13,32
34,54,59
35,49,84
35,21,78
35,75,77
36,84,30
36,31,67
36,20,61
36,24,54
37,64,51
37,56,12
38,72,70
38,46,74
38,16,52
39,45,60
39,19,73
40,4,41
40,49,72
40,7,78
41,46,58
41,39,51
41,73,66
42,66,17
42,55,53
42,39,42
43,1,50
43,49,71
43,64,84
44,39,73
44,47,57
45,29,43
45,82,74
45,11,60
46,35,88
46,10,71
46,12,70
47,23,49
47,27,60
47,41,38
47,18,53
48,22,27
48,17,50
48,16,31
49,66,38
49,16,48
50,74,83
50,33,84
51,17,59
51,61,29
52,85,58
52,37,19
52,4,14
52,40,52
53,63,85
53,85,97
53,75,77
53,41,72
54,8,85
54,2,95
54,37,53
55,70,81
55,35,93
1,4,13
1,5,23
2,3,91
3,5,55
3,4,45
4,2,49
5,2,59
76,37,36
76,48,45
77,46,74
78,39,74
79,33,45
80,1,57
81,3,80
82,3,89
82,19,83
83,42,50
83,14,65
84,13,32
85,38,82
85,9,90
56,44,48
57,23,55
57,31,72
58,54,50
59,20,51
60,21,54
61,15,32
61,36,23
62,22,62
62,48,67
63,42,45
65,48,40
66,7,44
67,37,11
68,15,62
68,35,86
69,40,62
70,44,79
70,29,53
72,32,68
72,27,76
73,12,78
74,12,77
74,14,71
75,26,74
86,29,44
87,30,91
87,42,63
88,43,88
88,15,77
89,11,43
90,53,85
90,54,80
91,27,69
91,30,66
92,22,30
92,18,55
93,34,49
93,10,71
94,52,21
95,29,48
95,50,74
96,17,40
97,54,55
98,51,59
99,36,68
99,28,71
100,53,88
101,25,51
101,30,76
102,32,79
102,19,84
103,50,57
104,6,89
104,15,67
105,20,76
106,30,92
107,22,40
107,18,65
108,45,74
108,31,94
109,29,54
109,51,65
110,6,61
111,23,37
111,20,48
112,28,56
112,9,78
113,35,65
114,35,84
115,25,59
116,30,99
117,9,100
118,26,93
118,51,69
119,25,50
120,25,57
121,48,46
122,41,68
123,46,100
124,13,75
125,37,70
126,12,95
127,46,89
128,28,51
128,16,45
129,40,62
130,36,84
131,38,100
132,31,90
133,38,83
134,38,61
135,28,62
136,29,42
137,7,100
138,32,63
139,9,76
140,8,82
141,13,100
142,47,65
143,47,23
144,37,51
145,22,30
145,42,31
146,13,56
147,6,100
148,53,100
149,15,62
150,52,61
151,30,100
151,35,100
152,51,100
153,44,77
154,52,88
155,14,100
156,12,91
157,40,100
158,8,55
159,11,100
160,34,55
161,49,100
162,16,61
163,14,56
164,35,100
165,22,28
166,24,99
167,34,28
168,17,64
169,21,65
170,30,82
171,46,100
172,23,77
173,54,81
174,21,100
175,35,81
176,8,82
177,23,98
178,26,85
179,36,49
180,24,90
181,29,100
182,55,100
183,12,96
184,22,46
185,36,58
186,51,70
187,16,44
188,17,92
189,10,96
190,33,93
191,25,28
192,21,50
192,38,62
193,7,98
194,44,71
195,11,100
196,35,90
197,16,61
198,44,100
199,50,77
200,8,68
201,8,76
202,24,96
203,42,76
204,43,100
205,42,33
206,20,97
207,46,78
208,46,77
209,44,100
210,24,98
211,14,46
212,50,68
213,12,84
214,18,54
215,19,100
28,80,67
42,96,17
5,15,39
101,24,72
82,31,94
26,100,86
33,46,81
29,36,32
85,26,94
28,83,60
78,22,55
24,58,38
42,100,49
68,45,64
30,2,87
78,55,85
37,43,45
113,23,46
87,52,64
37,42,18
16,82,61
42,10,46
32,60,61
34,111,17
48,111,21
78,35,95
83,22,49
77,54,84
51,11,56
48,80,61
114,33,77
47,115,58
49,89,45
4,24,37
1,8,49
86,44,71
20,7,81
88,53,100
37,51,31
19,49,75
17,89,47
16,3,59
13,5,27
16,8,53
34,89,24
34,112,47
19,58,45
15,43,66
22,64,56
22,32,45
103,38,55
42,75,37
17,2,82
79,54,49
80,39,76
36,64,64
55,52,54
45,107,58
63,36,52
17,38,71
72,50,74
73,16,61
47,93,49
17,85,80
48,83,54
103,37,24
37,39,37
15,78,71
85,20,88
56,47,23
108,15,73
90,25,51
32,70,72
6,27,92
107,16,45
14,23,58
42,47,29
9,43,83
34,10,47
21,103,43
48,19,58
115,11,72
110,8,49
36,109,59
68,13,55
52,99,62
48,70,55
52,67,18
82,47,58
39,35,82
8,18,73
21,42,39
84,20,54
43,69,61
18,93,73
98,32,67
52,50,53
49,99,82
65,35,75
45,67,34
41,101,57
17,23,66
54,53,98
44,7,78
52,35,64
80,47,62
20,50,83
46,25,55
19,59,49
38,8,74
87,34,63
83,16,54
72,26,82
106,34,64
48,6,65
18,22,47
49,101,69
23,32,66
61,33,48
78,18,79
50,86,69
88,54,96
78,30,83
112,17,69
1,22,23
5,50,50
73,40,85
98,54,77
13,35,71
98,49,67
46,51,62
17,81,71
20,71,53
51,5,36
30,103,58
32,86,63
10,20,77
8,15,65
22,55,53
24,65,60
92,10,53
69,12,55
56,19,48
12,107,62
16,2,63
37,58,9
40,51,64
29,40,53
100,14,64
45,102,75
78,36,62
40,59,48
77,20,79
93,15,65
7,4,40
98,20,77
26,81,85
23,41,52
10,104,73
42,8,49
41,52,33
55,48,57
47,2,65
45,5,40
10,95,68
38,113,51
96,54,52
20,38,79
16,105,49
106,23,84
39,87,82
56,25,24
39,97,39
9,90,77
98,25,49
7,10,72
10,2,82
10,75,60
7,88,87
102,49,79
64,23,77
70,12,72
29,74,58
46,34,50
29,99,63
42,11,43
85,8,83
34,98,46
113,39,45
94,12,41
55,46,79
55,54,89
86,26,79
10,83,72
46,91,63
47,32,50
15,35,79
103,9,59
26,66,54
32,74,77
46,20,80
11,65,55
28,74,66
41,24,56
97,55,50
69,50,63
65,27,67
57,15,51
9,2,92
70,26,88
97,23,40
31,33,92
9,54,88
15,36,46
111,44,45
64,45,74
104,33,83
45,28,51
61,22,16
37,33,50
20,107,72
97,21,35
26,20,91
45,38,66
9,96,49
9,81,80
9,20,87
55,89,54
74,19,81
44,3,86
60,50,67
76,53,81
84,27,54
89,35,63
29,22,25
9,17,79
11,111,36
64,17,80
55,99,91
55,45,71
82,32,78
41,91,47
40,35,91
35,27,94
100,12,70
19,16,58
76,8,67
43,94,47
35,91,77
68,32,69
52,39,43
68,16,50
13,62,69
22,115,52
83,19,80
35,8,89
60,18,63
16,14,42
23,40,71
13,58,23
102,51,71
67,15,33
48,84,27
53,30,91
84,17,46
54,67,49
88,45,78
7,11,69
54,50,86
26,79,50
40,44,82
32,18,70
76,1,41
47,104,54
20,42,54
67,48,21
21,15,55
96,51,30
25,87,66
54,111,49
52,114,46
54,11,78
98,40,74
99,11,80
14,59,35
9,74,85
17,26,83
73,53,96
105,36,52
106,16,68
24,53,87
42,113,26
26,99,98
41,16,36
62,8,89
50,76,70
2,42,59
82,12,78
8,90,72
5,43,50
46,31,86
32,20,77
35,76,81
70,34,51
44,18,78
30,41,60
88,16,65
95,7,72
39,93,68
92,8,57
31,40,88
30,104,79
39,74,75
53,79,53
6,14,76
7,45,67
51,35,76
61,21,32
35,33,95
21,76,57
12,110,44
36,46,56
65,41,45
24,39,66
49,33,76
75,36,44
88,19,91
49,50,73
62,35,100
71,37,16
28,36,40
60,35,78
11,67,36
79,55,43
10,17,69
7,102,80
54,38,84
97,29,22
31,3,92
67,27,48
33,8,81
26,106,100
52,14,39
42,27,54
29,68,48
65,9,65
76,39,60
19,46,79
101,14,63
113,33,58
13,97,28
6,66,55
93,21,62
26,7,87
80,55,87
18,67,41
43,24,74
54,44,87
34,39,44
104,8,77
73,51,70
6,2,97
51,94,33
52,91,39
91,23,58
31,30,88
15,63,61
50,46,77
29,1,25
6,101,86
74,17,79
98,35,85
85,45,75
46,14,64
101,9,77
51,62,76
61,30,44
18,11,67
18,81,72
18,48,51
87,23,83
83,27,81
14,97,35
113,15,42
45,56,35
31,56,54
95,47,51
47,38,54
54,89,55
42,26,60
47,96,22
93,22,48
83,26,87
22,96,16
40,107,69
32,49,67
76,5,41
29,53,65
115,42,53
45,73,74
109,14,67
47,112,51
47,43,56
105,38,70
110,18,47
67,16,21
13,15,48
12,98,67
38,10,71
44,4,44
71,11,41
114,30,73
32,33,78
109,27,83
27,44,85
1,36,30
26,3,92
2,28,69
43,76,68
12,28,54
19,108,87
64,54,92
49,115,74
89,46,49
83,3,82
7,43,77
26,1,60
96,48,21
48,4,17
33,19,86
24,55,77
95,38,71
61,18,40
91,21,52
30,63,73
47,109,57
86,51,55
20,30,82
45,46,66
104,40,79
55,49,74
64,40,85
17,111,40
29,60,41
33,68,78
16,71,26
57,55,65
99,20,92
21,78,71
105,17,68
36,55,60
70,38,76
8,20,80
93,37,43
14,44,69
51,87,76
89,31,61
84,34,25
1,30,51
24,95,70
69,15,50
102,29,60
51,58,27
41,96,26
49,2,80
51,59,33
96,50,45
63,22,45
71,47,27
43,65,63
18,95,70
49,39,63
27,43,81
106,46,89
87,53,100
38,73,82
8,45,67
16,95,50
6,25,68
102,6,96
72,40,73
45,40,69
53,56,57
45,27,72
24,33,79
46,81,73
9,23,76
53,34,64
51,104,64
15,4,29
43,53,90
38,88,86
66,51,30
111,47,19
38,78,80
78,54,91
39,68,65
10,19,76
22,25,29
96,10,39
48,20,58
98,30,74
19,70,78
18,36,54
27,4,44
39,111,36
14,108,72
115,36,60
39,81,67
34,36,32
75,27,68
13,92,39
16,76,45
9,31,93
12,38,69
108,20,88
29,24,49
12,17,67
99,13,69
50,40,80
3,19,86
95,49,67
104,23,71
53,22,62
36,96,24
97,52,21
7,8,76
39,23,62
11,62,82
71,39,41
33,83,82
114,6,83
31,106,100
28,23,53
33,69,66
49,31,81
42,6,61
112,19,76
19,99,91
92,29,33
94,9,49
43,115,80
26,111,54
4,31,50
19,81,78
45,10,63
31,86,79
53,25,69
44,91,67
13,44,60
27,98,77
93,16,53
38,114,70
51,2,72
90,48,50
46,23,69
28,9,66
43,73,84
36,103,37
82,13,61
46,82,82
21,106,77
100,40,77
49,91,59
95,40,74
80,51,70
39,99,80
48,82,61
8,100,75
22,43,50
16,58,18
23,92,51
29,37,20
34,7,50
53,83,89
18,109,76
31,66,54
83,13,58
31,80,94
29,8,51
22,45,40
77,33,80
33,98,78
24,61,40
113,12,47
112,14,61
53,103,69
80,18,81
47,79,19
52,15,40
113,53,65
31,90,83
45,94,37
27,99,92
87,8,89
20,88,92
65,29,38
9,100,79
14,27,69
7,72,72
110,35,62
30,71,50
76,49,62
81,14,63
84,46,49
98,24,70
61,50,45
55,96,47
22,41,32
8,70,77
8,79,39
49,87,84
89,9,53
6,105,83
27,82,88
114,21,60
27,103,61
36,58,21
25,69,41
31,24,84
95,32,68
90,40,74
59,7,45
24,113,50
47,77,54
33,11,75
48,30,55
46,80,82
39,32,65
75,46,63
13,31,69
37,72,40
91,12,59
46,115,78
40,11,71
14,49,59
27,50,83
20,31,91
56,43,44
54,18,83
105,26,82
21,3,71
45,75,55
34,68,48
74,40,84
55,2,89
23,30,71
65,33,68
35,96,56
61,10,39
19,115,83
17,91,61
40,110,51
47,108,62
41,97,29
28,30,61
45,66,35
5,40,51
20,3,86
71,27,53
95,42,46
21,73,71
53,19,93
52,6,62
11,59,39
2,83,86
21,113,39
44,81,78
98,13,49
21,19,67
39,2,78
89,50,51
32,115,75
7,17,73
51,43,63
55,1,53
23,69,54
48,7,54
64,11,76
34,31,62
15,110,39
74,41,65
95,27,77
86,40,70
27,33,86
63,21,61
21,88,76
27,80,88
112,45,63
25,71,28
36,88,68
21,38,64
47,37,23
8,102,84
95,45,63
59,55,50
38,99,86
87,10,85
71,55,52
31,100,86
45,12,62
45,19,71
102,55,88
62,47,66
95,25,52
9,64,89
49,72,66
107,37,35
66,9,50
69,29,36
91,50,65
29,113,28
16,55,57
23,71,42
41,113,35
34,51,38
81,41,57
8,11,69
13,37,26
49,58,35
24,87,87
33,63,77
86,14,57
26,108,94
14,35,78
16,51,40
52,115,54
100,47,52
60,40,67
26,95,83
7,81,74
36,32,53
105,8,71
15,58,30
44,108,87
85,10,80
39,27,73
112,16,50
18,97,44
23,15,59
32,25,51
23,79,33
1,42,23
82,53,96
28,4,23
60,46,64
59,50,47
34,22,24
19,18,78
114,47,50
80,30,85
34,24,49
37,63,40
44,66,48
59,13,27
114,31,82
74,43,83
25,34,30
107,33,73
88,37,55
24,50,76
32,69,57
52,95,47
9,39,75
77,55,78
112,41,55
25,54,62
73,55,87
53,50,91
19,5,49
47,60,44
91,6,76
16,4,17
40,26,88
27,108,88
42,3,55
6,64,95
45,90,63
36,66,24
63,31,82
31,58,51
51,47,42
55,84,53
17,47,52
75,7,64
55,10,76
73,13,64
75,24,61
70,11,70
29,3,57
112,36,53
54,101,79
12,21,60
39,28,52
52,29,26
56,18,41
89,30,52
78,51,68
22,109,51
103,39,49
61,17,39
11,48,47
41,43,59
13,33,64
89,39,43
14,50,67
46,72,71
88,48,65
85,7,84
6,89,62
100,46,74
95,33,78
34,55,55
28,8,59
26,35,100
74,49,77
34,33,57
18,106,88
10,37,40
67,51,30
53,38,88
108,17,80
6,90,84
38,62,88
91,16,42
24,60,63
23,61,36
48,12,48
13,74,59
39,15,58
60,34,40
16,89,28
97,38,45
66,11,37
100,38,74
41,76,50
61,52,17
114,12,66
104,7,75
105,31,82
97,33,52
50,25,57
111,51,30
51,31,73
54,65,68
31,64,94
25,1,30
58,44,45
84,15,39
106,39,83
41,86,51
110,17,46
48,77,52
108,41,66
29,112,48
50,75,66
70,52,52
4,53,53
46,97,45
24,85,81
24,86,66
63,34,47
63,18,69
48,71,26
22,98,45
26,58,51
27,24,78
6,99,99
12,79,34
28,95,56
9,61,49
15,7,66
85,1,57
46,16,53
94,37,14
10,70,73
84,32,46
2,77,84
99,21,76
31,94,57
46,29,51
47,106,64
42,4,13
7,13,54
29,73,59
31,55,90
51,32,59
11,24,67
4,81,38
89,41,33
14,58,29
87,31,100
79,2,49
95,37,40
24,64,81
34,102,58
91,8,64
55,103,60
57,14,50
36,60,46
50,83,78
90,17,69
71,9,54
14,20,69
21,48,43
31,12,81
25,37,24
85,54,93
25,76,48
79,22,13
49,56,38
32,45,63
20,73,88
43,98,73
9,86,73
23,44,74
81,20,79
53,48,67
20,4,44
46,7,75
22,82,56
70,14,66
7,60,65
69,7,61
57,53,75
54,31,96
52,46,50
106,49,85
59,38,45
59,34,20
77,50,77
24,16,51
12,5,44
31,11,80
36,41,39
24,102,82
26,41,69
34,38,50
103,20,61
50,101,75
56,14,32
2,20,90
29,85,59
46,70,76
4,55,43
78,4,45
13,101,51
81,37,42
93,25,52
33,102,90
5,17,46
48,54,63
48,113,30
86,25,47
76,52,42
50,4,42
19,9,83
60,23,59
5,83,49
7,29,52
49,105,66
47,5,24
103,42,30
43,10,73
52,60,40
74,24,80
115,6,91
21,41,48
73,35,96
43,58,41
6,62,100
49,80,78
20,61,47
41,61,25
43,108,84
9,77,81
41,114,54
19,104,79
71,44,52
52,1,24
69,21,50
41,58,23
24,13,56
6,21,77
90,16,50
115,55,83
33,109,84
13,65,41
59,6,58
101,52,49
110,19,51
23,100,69
5,52,24
19,93,74
37,97,14
29,47,31
10,105,67
10,73,79
20,92,62
43,61,43
35,48,67
10,102,80
34,44,54
14,38,63
88,22,60
54,1,59
25,83,56
2,29,61
94,40,48
24,25,54
106,38,89
32,5,44
10,3,78
8,106,90
67,41,26
33,55,85
8,51,62
17,73,80
54,41,68
34,97,21
9,58,47
92,19,61
114,50,73
32,89,45
46,3,81
28,56,27
98,11,65
87,47,63
11,103,49
55,27,84
102,39,77
50,99,89
19,72,76
44,16,58
114,11,64
94,34,20
57,52,36
11,4,33
93,33,81
37,66,12
15,70,67
79,14,28
71,24,46
48,92,35
54,100,82
23,112,66
24,96,41
37,96,11
24,52,48
67,53,56
53,72,85
19,103,57
49,51,57
17,98,69
46,103,55
19,2,90
104,12,72
41,69,43
44,53,93
45,24,65
64,32,79
15,9,72
22,36,30
34,30,53
52,13,33
75,15,53
26,36,67
43,104,78
29,66,19
77,13,57
39,11,62
63,24,69
53,114,84
18,10,70
31,97,57
85,14,72
57,18,59
96,16,21
58,32,37
56,8,43
81,48,52
91,19,67
12,108,78
92,39,50
84,8,49
72,6,83
2,23,79
47,24,53
78,42,55
77,16,52
49,67,38
12,9,77
43,101,75
81,12,69
70,22,50
55,26,90
69,55,64
33,42,55
14,11,58
43,60,66
37,7,44
89,19,49
62,25,67
32,112,68
35,84,63
19,47,54
55,15,69
48,104,55
30,49,72
80,9,89
12,103,51
39,64,76
35,87,100
9,92,63
54,28,69
57,12,56
18,45,65
21,67,30
101,23,68
38,90,71
13,114,53
4,77,38
11,112,65
66,33,49
90,24,70
55,95,76
41,11,52
18,26,84
11,36,50
15,114,61
86,11,61
81,31,85
81,33,80
45,4,31
42,31,60
106,29,66
92,24,55
49,108,78
79,29,15
29,64,59
68,23,66
1,49,44
97,6,58
13,75,46
34,47,29
99,45,78
8,75,63
50,43,79
95,19,76
33,85,89
15,42,39
55,51,66
88,27,92
113,40,54
49,29,46
18,85,81
41,85,66
25,64,63
115,35,92
11,72,65
75,16,41
12,105,66
30,38,76
111,28,27
111,41,26
51,100,62
43,55,80
78,16,59
68,17,69
21,27,70
24,97,44
7,115,79
1,6,61
70,17,74
51,113,39
13,113,29
66,19,48
88,42,61
38,9,81
94,41,29
113,19,51
67,14,32
29,90,48
33,36,62
59,39,39
2,18,83
28,52,34
79,50,42
65,14,51
40,54,87
66,30,45
112,49,67
28,5,33
74,53,95
72,35,85
53,3,95
9,16,60
57,43,62
13,85,66
115,31,90
37,78,50
18,74,80
95,44,76
83,9,82
2,53,99
69,42,34
113,20,57
100,37,43
13,16,36
26,91,75
5,49,44
38,65,61
17,1,46
95,21,61
4,35,53
52,78,56
102,28,68
71,15,38
37,27,49
94,15,36
58,12,35
38,1,48
92,25,37
78,2,91
44,72,76
33,28,65
25,55,60
45,1,41
18,79,37
111,42,17
106,41,73
33,45,73
95,30,74
98,39,65
68,47,52
47,92,36
42,94,20
12,6,82
15,31,76
37,109,46
58,8,40
89,15,40
38,86,67
11,20,74
33,78,87
104,36,58
49,11,64
82,10,79
106,6,100
37,28,28
9,78,88
29,67,19
98,21,59
85,5,57
65,16,40
35,74,95
51,114,58
20,21,70
30,55,81
16,45,45
12,75,58
34,81,49
65,15,52
113,14,41
97,28,30
43,26,87
19,36,61
63,38,70
78,25,62
2,80,93
41,17,55
53,37,57
40,88,89
83,35,89
48,101,52
26,9,93
18,28,57
89,10,46
110,23,43
9,95,78
6,53,100
60,42,39
36,70,58
73,31,94
82,54,88
88,24,85
45,83,67
107,50,68
14,107,56
85,50,86
41,10,55
29,100,51
56,34,19
103,41,39
10,98,68
33,25,62
56,30,45
27,16,58
18,113,50
42,13,32
62,50,90
36,91,45
88,41,70
79,34,15
67,28,27
33,53,95
32,79,36
17,60,62
39,115,72
35,25,69
73,11,76
56,16,21
64,19,87
23,95,66
96,21,32
14,96,32
14,42,38
6,34,63
64,53,96
78,13,64
55,13,62
77,30,76
79,27,44
53,111,56
85,30,85
45,36,48
11,82,76
6,67,55
62,15,79
61,45,34
71,36,29
15,90,62
3,55,85
72,24,69
1,78,55
25,16,34
39,54,78
59,49,41
13,70,56
39,72,64
52,22,24
106,52,65
42,50,52
52,21,40
23,62,83
36,52,31
5,22,22
59,9,51
4,29,15
31,96,54
36,25,37
85,34,59
54,30,87
100,11,68
54,63,81
29,57,37
81,50,76
22,58,14
64,33,89
8,103,56
31,104,88
17,59,43
26,52,61
53,78,95
29,63,47
22,9,55
101,33,80
11,109,71
28,73,67
56,26,54
47,67,19
63,28,55
8,52,50
96,32,39
27,29,56
32,67,38
26,107,78
8,5,49
63,10,68
11,79,33
73,24,81
40,67,45
115,37,47
34,11,44
10,16,50
42,73,57
87,13,66
40,47,57
93,32,70
55,40,81
77,29,50
22,101,47
113,36,33
7,6,88
83,40,78
55,50,82
43,36,57
39,18,66
10,12,67
16,101,52
30,47,57
84,2,59
24,57,59
71,34,23
111,14,32
25,75,44
30,25,58
21,102,71
43,59,47
85,40,85
80,37,51
27,3,86
44,19,82
12,112,67
62,41,72
94,32,41
30,32,74
112,13,54
38,89,49
9,45,73
28,85,67
86,36,49
64,42,57
38,35,88
13,51,45
35,99,100
47,10,51
13,89,27
46,78,81
52,110,24
72,47,51
41,45,50
26,44,91
37,31,55
48,5,27
54,71,57
39,70,70
53,107,80
1,48,27
26,50,89
13,88,69
35,85,97
21,83,65
41,77,57
19,29,56
110,25,27
77,24,72
51,82,70
13,41,41
6,54,97
54,75,73
31,26,97
108,53,96
111,32,38
56,51,30
73,50,84
49,17,67
20,62,94
7,106,86
13,14,47
57,42,35
106,9,93
44,30,82
8,95,72
72,54,81
62,29,65
6,94,58
18,3,79
28,40,61
65,12,57
63,45,63
27,78,86
76,7,68
21,81,63
40,18,75
35,100,88
37,84,18
14,93,64
12,18,68
76,27,72
102,14,73
115,53,92
64,28,67
112,54,81
71,51,35
57,41,44
22,14,38
56,20,48
39,94,39
41,82,66
101,40,76
20,49,75
58,11,34
76,24,65
38,94,45
17,42,46
80,54,92
31,102,95
29,51,38
70,41,60
112,21,61
51,19,67
55,94,50
51,50,65
28,87,73
28,84,33
18,90,70
96,40,45
93,9,78
11,53,82
105,40,73
30,27,82
82,29,59
65,37,30
20,60,70
1,50,52
71,40,50
42,91,38
32,29,48
91,18,62
49,24,68
77,34,50
80,45,74
85,49,78
111,30,45
115,28,63
2,12,80
15,49,60
21,40,67
21,64,72
33,60,71
104,29,53
63,46,71
6,88,99
61,6,54
64,44,87
39,91,57
3,37,50
36,30,58
39,40,70
69,38,59
67,46,42
107,48,45
27,34,56
27,18,78
33,115,85
87,16,67
48,8,53
28,62,73
13,76,50
101,18,72
71,46,47
39,101,67
38,40,76
94,50,47
13,3,64
70,23,71
115,34,54
110,29,25
110,27,54
31,67,54
103,7,53
88,52,62
41,14,47
50,80,85
16,114,49
34,37,19
41,19,63
17,79,36
32,3,78
37,99,55
44,5,51
14,17,61
36,14,45
6,20,92
44,46,79
36,108,64
64,10,79
17,86,65
30,83,78
77,51,61
9,75,70
15,25,46
5,80,56
45,109,69
109,12,73
17,31,83
95,31,83
50,93,76
54,107,74
1,23,43
9,70,80
33,10,78
37,82,51
79,19,44
35,70,90
8,61,42
9,32,77
32,4,36
12,61,37
34,100,49
4,10,36
7,83,76
66,22,17
54,62,96
43,40,78
99,41,70
49,70,72
16,109,56
12,96,38
10,13,54
68,48,50
105,35,84
112,50,74
56,38,42
26,49,81
42,98,46
85,48,61
16,84,27
79,1,13
113,6,64
99,48,65
29,108,59
115,10,75
32,17,69
84,51,36
45,37,35
18,70,75
84,12,44
16,11,47
34,4,15
31,1,60
54,49,80
70,31,88
89,21,37
29,35,65
6,60,77
43,2,86
90,19,75
6,22,61
84,23,43
11,19,73
24,106,88
12,22,44
74,54,87
29,72,47
97,25,26
28,66,27
81,28,58
41,84,32
18,52,48
8,77,74
30,59,48
89,18,48
24,7,74
61,53,56
87,55,93
51,23,56
47,70,53
57,46,61
42,16,27
101,37,42
110,45,40
47,31,66
15,27,70
83,44,80
18,82,81
112,30,74
43,93,76
11,97,39
22,19,53
18,58,38
24,30,75
28,108,67
37,36,25
34,65,36
21,57,51
20,94,51
20,72,76
13,25,35
23,24,67
61,42,16
53,49,84
28,27,64
90,12,67
17,99,84
13,115,61
44,100,77
53,10,85
11,17,66
24,5,47
63,52,46
29,5,25
32,113,47
71,38,47
73,15,73
21,92,46
12,55,74
43,100,76
46,56,43
9,82,86
97,10,42
38,49,69
9,50,83
56,24,41
28,77,58
98,14,61
49,77,69
26,39,79
114,17,68
43,11,70
7,54,81
29,105,47
48,79,17
63,25,52
74,21,69
92,36,38
8,57,61
91,31,75
26,21,76
93,23,69
64,12,78
83,38,75
89,23,44
51,7,63
76,20,72
62,40,91
19,62,91
23,25,50
27,56,48
10,48,50
79,4,3
82,44,85
35,112,85
14,114,60
22,90,45
27,11,74
88,44,91
14,64,72
25,42,30
22,13,31
20,53,94
67,42,17
70,37,45
102,47,59
13,67,22
34,101,48
53,45,80
68,43,73
11,57,55
48,112,50
22,28,33
18,20,78
44,65,64
46,21,64
58,30,42
27,74,87
20,115,84
14,26,75
92,41,40
3,17,78
26,64,94
42,29,25
105,39,64
113,50,53
39,29,44
111,7,40
37,111,11
35,88,100
109,39,71
37,11,37
87,9,92
12,88,82
21,33,71
3,79,45
12,95,67
66,43,44
40,58,42
50,87,90
32,31,83
26,90,83
109,38,77
102,12,79
30,82,85
22,20,54
7,112,72
24,107,65
15,102,74
22,27,54
23,8,69
79,24,37
4,13,22
91,48,42
85,15,73
46,42,49
98,7,68
51,95,59
85,47,63
8,46,75
6,84,61
58,20,45
27,40,82
16,72,49
49,4,34
4,30,41
28,11,53
77,14,63
11,93,68
27,17,77
15,1,39
97,50,48
5,34,23
11,110,42
44,114,75
29,12,46
106,42,64
25,17,53
30,81,76
30,40,79
54,105,78
6,92,69
109,17,75
30,9,84
32,104,72
42,51,36
47,50,56
76,32,64
7,42,50
107,55,71
61,32,39
52,77,49
73,44,86
23,86,62
37,50,46
74,16,60
9,99,93
101,17,71
1,28,33
26,2,96
1,9,56
42,44,54
14,62,78
19,97,50
49,7,71
26,19,91
6,65,74
33,82,89
16,28,37
107,49,62
55,82,87
13,109,60
82,2,93
5,46,48
54,57,71
31,45,78
107,39,60
33,6,93
25,44,58
21,105,58
32,54,80
71,29,24
37,35,57
34,14,40
49,6,82
61,47,22
23,20,74
29,48,29
49,65,57
12,7,71
44,20,85
80,16,61
52,104,52
17,69,57
11,113,45
66,32,40
16,15,43
51,90,59
66,46,43
113,49,47
57,34,37
106,14,79
91,55,68
30,108,85
28,90,56
2,15,75
36,93,56
13,57,44
34,2,61
98,16,50
12,11,64
16,79,17
35,45,80
20,19,85
33,30,83
75,52,38
28,72,55
48,58,18
13,6,70
23,10,66
69,22,34
93,12,70
98,44,74
102,25,61
43,33,82
36,68,53
24,99,85
14,40,66
82,6,95
13,9,61
104,9,81
34,74,56
53,51,76
42,108,57
48,26,64
26,47,66
32,97,42
21,82,70
28,59,30
101,44,76
101,28,58
5,23,43
100,15,65
107,43,68
1,16,27
36,82,64
37,12,39
24,19,78
54,27,90
13,1,32
5,31,60
12,87,84
34,110,23
113,52,27
32,16,50
74,36,63
23,22,43
33,20,86
24,115,77
107,11,60
54,70,83
16,99,65
35,18,87
13,46,57
25,8,56
92,44,61
34,90,46
9,97,52
41,15,48
14,78,70
42,22,23
16,5,27
107,52,42
19,96,47
28,21,49
115,29,55
57,49,56
43,21,66
31,107,78
16,12,48
12,1,44
99,42,61
107,30,69
30,19,82
82,40,85
80,17,80
11,29,45
35,32,85
42,68,46
34,62,63
36,51,43
20,110,54
104,34,51
22,71,21
35,58,54
67,24,41
41,49,53
82,49,78
27,68,77
7,97,46
100,32,70
58,7,41
56,13,26
51,39,55
38,31,85
24,46,73
27,86,73
62,26,100
37,114,39
107,23,61
108,24,81
27,58,45
103,31,67
42,72,45
55,7,80
54,92,66
7,56,44
63,47,51
99,33,93
93,29,51
14,82,72
16,103,34
114,39,64
12,101,69
9,24,80
26,88,98
36,56,24
46,111,42
71,35,61
81,5,47
14,110,38
22,21,38
107,36,48
112,46,71
16,111,21
25,40,58
29,114,47
12,50,73
33,80,89
47,94,20
81,16,52
14,1,38
18,34,49
52,72,46
52,7,51
41,110,32
11,30,71
46,62,88
29,58,16
87,22,62
108,13,65
35,66,57
44,94,48
34,28,35
49,86,63
18,83,74
38,33,80
77,25,55
16,6,65
101,7,70
110,49,44
8,89,50
101,8,74
76,51,54
103,44,58
103,54,62
45,72,63
44,22,53
93,6,87
8,88,87
107,46,66
1,82,57
9,76,74
54,86,76
83,32,72
22,67,16
40,37,46
40,2,87
90,47,50
32,103,51
1,24,47
32,109,74
60,49,60
52,80,58
58,21,30
34,108,58
100,21,62
31,27,91
101,53,87
85,55,87
7,35,89
20,57,66
41,32,55
68,18,70
53,15,79
51,83,63
11,9,75
56,33,49
61,35,56
55,14,68
77,43,75
91,7,63
15,34,41
73,47,61
10,24,70
2,21,75
28,51,46
111,50,44
33,39,74
25,41,39
32,108,79
55,105,75
17,100,72
24,82,81
81,51,61
4,54,49
73,48,61
35,47,68
29,38,50
43,4,40
105,14,60
99,12,82
21,79,29
25,26,67
9,111,46
38,43,75
65,45,53
55,44,84
16,113,30
38,81,73
39,3,74
19,94,45
80,38,82
96,11,36
109,26,89
53,40,91
90,49,67
7,64,83
10,112,68
41,37,27
45,92,48
22,8,49
72,23,65
13,79,22
110,55,53
62,16,67
69,10,57
55,47,59
29,30,53
33,91,70
25,81,54
73,27,88
87,33,95
41,20,63
85,42,57
41,1,32
13,43,59
41,107,50
87,18,87
99,15,77
49,28,54
12,14,59
13,94,23
16,70,55
14,29,40
14,30,66
64,50,85
51,41,45
38,108,82
8,27,80
39,16,46
32,50,73
62,36,70
21,36,46
111,45,34
49,18,68
96,34,18
42,30,51
36,35,70
47,33,61
44,99,91
105,50,72
11,63,65
42,56,17
13,45,49
48,93,53
78,10,78
16,64,61
62,44,91
107,38,66
17,15,62
92,50,59
36,40,58
15,59,36
37,113,20
110,33,55
100,6,87
4,12,34
56,12,38
36,48,34
39,43,69
53,9,95
37,38,43
49,71,43
57,9,68
40,111,45
49,100,70
29,101,50
46,83,75
9,56,50
81,24,72
28,103,40
47,9,58
43,3,82
40,65,64
45,47,46
2,76,77
70,40,79
28,88,71
43,52,51
53,18,87
56,17,40
8,10,72
53,27,94
47,86,46
25,104,55
64,46,82
32,92,53
77,35,88
77,1,48
2,32,82
16,86,46
21,90,60
20,40,82
46,96,42
112,8,72
61,37,11
88,14,76
22,11,42
77,6,86
75,44,68
23,13,52
107,32,62
77,45,66
77,42,48
21,101,61
22,103,29
28,14,48
8,66,43
51,110,36
39,55,72
48,100,53
29,31,62
54,21,72
30,26,88
106,43,91
74,30,84
66,21,33
41,80,66
59,32,41
39,95,65
54,83,85
44,93,77
33,100,81
79,39,32
43,111,44
74,7,78
50,82,84
28,106,74
8,64,83
77,37,43
32,8,72
80,19,87
111,12,38
68,26,83
43,23,70
19,76,72
61,39,35
16,34,29
31,69,71
53,110,62
69,53,74
26,24,84
41,68,55
50,16,56
25,38,55
42,109,52
78,31,92
106,25,67
26,114,82
42,105,45
41,42,32
30,35,91
2,38,84
26,53,100
87,6,100
43,110,50
29,26,62
38,41,57
45,81,65
39,85,76
15,24,63
100,27,80
66,23,37
32,48,50
52,112,47
86,34,42
36,67,24
96,33,49
52,100,50
47,46,54
27,97,51
25,2,66
60,14,54
28,82,67
72,12,66
63,27,76
21,94,33
6,17,84
103,40,58
91,40,66
17,30,74
26,13,69
24,35,87
87,19,88
75,34,39
93,52,50
38,42,48
45,58,32
70,25,54
32,37,40
89,28,34
11,56,37
20,100,80
3,49,76
35,41,72
76,23,61
3,34,57
23,34,45
23,52,44
72,21,61
44,17,77
38,58,39
40,115,81
113,55,56
84,5,23
110,44,51
7,23,70
57,47,41
67,23,37
51,70,64
53,17,86
33,40,83
22,91,37
29,16,29
53,109,91
40,87,91
69,52,35
20,96,48
9,67,46
38,7,75
91,11,57
53,99,100
37,5,17
31,84,60
87,15,79
54,73,91
17,37,41
23,27,74
11,2,79
30,67,45
31,53,100
56,39,36
49,109,73
41,71,31
107,34,41
40,42,51
26,6,98
35,101,87
91,13,45
49,61,37
68,11,66
108,39,76
37,30,46
5,25,26
18,86,66
52,68,47
47,89,24
48,34,29
50,71,50
37,20,49
9,34,56
47,105,48
59,25,25
20,74,87
76,36,48
6,8,87
16,100,53
42,45,41
28,29,35
34,92,32
106,35,100
21,8,65
96,15,33
113,30,54
43,48,54
20,24,78
15,44,70
8,59,46
113,7,48
27,112,77
18,64,81
19,1,54
75,55,67
21,7,63
14,87,78
14,5,38
110,24,47
22,84,23
2,52,60
92,30,59
33,15,71
89,22,23
53,35,100
112,37,40
27,102,89
20,43,81
38,57,60
58,6,52
58,33,46
42,97,20
33,4,45
47,25,32
38,110,48
43,42,50
26,97,57
31,62,100
2,8,85
15,20,70
84,10,46
95,14,61
19,27,85
33,76,73
97,47,25
85,2,93
47,1,29
51,26,73
31,14,75
20,54,90
26,89,61
68,22,46
37,1,18
86,39,61
14,72,60
39,65,55
106,36,71
34,1,25
19,57,66
6,39,80
3,35,95
13,72,54
39,31,79
11,10,65
22,37,17
86,48,46
115,38,78
35,103,69
27,2,90
58,47,20
84,39,42
112,53,85
24,59,44
96,23,37
19,13,57
52,54,60
36,97,27
44,8,80
18,99,85
5,77,48
63,51,58
88,18,85
15,72,61
15,18,63
98,47,46
8,50,78
23,49,64
95,48,50
110,26,60
41,3,64
47,54,60
32,114,67
28,91,48
47,65,38
28,76,51
113,34,26
51,88,74
77,15,64
84,26,60
37,8,44
11,104,70
46,4,39
11,78,75
18,112,70
34,82,57
43,16,54
50,110,50
43,79,40
111,25,20
30,65,64
27,9,87
52,105,46
66,40,45
14,94,35
101,51,61
64,35,96
78,40,83
4,5,13
28,78,65
21,50,66
20,69,65
53,94,59
14,68,61
50,11,71
84,42,23
107,8,67
52,90,47
55,81,78
101,36,55
50,44,81
107,6,79
114,10,67
75,47,43
83,49,71
105,18,69
104,42,51
97,30,48
11,77,68
1,39,42
75,40,65
35,57,75
29,98,48
88,34,62
44,107,69
63,6,83
22,111,16
99,32,83
52,25,31
73,32,78
98,38,71
38,11,68
86,28,52
36,85,64
44,21,67
33,75,69
21,53,78
45,113,43
20,87,94
62,24,87
15,30,67
39,36,49
18,42,47
51,64,70
112,44,76
62,21,76
25,20,61
88,29,63
57,16,39
35,109,91
13,93,52
65,22,35
36,80,64
73,34,57
17,106,87
44,57,66
15,19,70
18,108,81
81,53,87
19,37,48
61,19,47
9,44,84
61,48,20
100,24,73
20,35,94
11,95,65
23,108,77
105,41,54
12,30,72
107,9,71
60,15,55
14,39,57
51,75,50
1,2,59
114,18,69
40,57,63
23,42,43
28,20,64
9,40,84
36,110,30
45,115,70
105,25,49
18,29,49
8,96,43
47,20,60
17,66,40
43,102,85
64,55,87
64,13,65
111,38,42
88,17,84
44,10,76
51,22,36
28,68,56
28,44,64
108,51,70
60,9,71
18,75,61
21,70,64
23,75,57
73,37,51
82,4,47
90,41,55
41,8,58
22,3,55
14,91,53
1,27,54
17,43,73
52,11,44
66,20,48
78,41,64
16,66,21
59,53,59
4,51,26
19,78,86
16,85,61
25,51,43
94,30,48
71,45,39
95,6,84
44,60,69
37,44,48
11,108,76
88,39,80
22,35,62
27,61,47
15,91,54
112,40,74
63,26,82
93,27,80
35,104,90
6,56,55
73,19,86
32,57,58
38,61,41
94,16,24
77,53,88
15,51,52
41,109,61
25,100,53
108,8,83
12,92,52
60,39,58
23,56,37
53,8,89
15,112,62
77,10,71
58,50,43
1,7,50
47,64,62
49,111,38
52,103,31
1,53,63
28,94,30
101,11,67
11,80,76
87,48,67
86,7,67
55,28,63
45,114,62
55,32,76
114,27,76
25,66,24
6,75,75
69,48,38
77,18,72
3,77,80
47,69,40
113,17,49
19,52,55
55,65,66
100,50,76
99,8,87
19,25,57
78,20,86
46,88,86
45,101,65
102,46,83
21,49,60
24,12,68
65,20,67
59,54,54
26,28,70
23,38,68
85,46,83
93,53,88
114,28,55
94,27,51
22,99,60
33,71,54
23,82,77
14,71,37
67,19,44
45,60,56
9,84,56
10,29,48
48,102,62
43,28,60
64,48,61
8,68,72
25,60,45
61,31,53
67,7,40
46,74,81
55,58,44
68,46,72
55,29,55
22,81,47
90,30,74
39,7,69
29,56,19
108,10,79
67,10,39
13,110,29
51,48,40
93,26,86
26,16,64
50,45,69
40,76,69
63,17,68
97,16,24
103,23,50
108,6,95
18,51,60
15,107,57
10,88,83
9,49,77
57,36,42
20,101,79
5,21,36
14,25,45
21,17,62
31,43,87
11,74,75
55,93,79
8,24,73
114,24,69
12,85,78
48,14,42
56,10,40
5,20,54
74,25,59
103,6,68
22,26,60
36,95,53
76,31,78
110,9,53
37,91,32
97,51,33
24,111,41
63,9,78
69,26,71
4,14,28
85,6,95
50,48,56
18,72,69
97,48,24
70,7,74
15,6,77
5,55,53
8,74,82
57,37,30
44,29,56
56,40,45
51,105,58
48,47,33
48,52,28
19,7,76
87,32,84
69,37,29
10,40,74
25,4,20
115,41,62
57,27,66
68,49,67
83,37,44
29,107,43
109,50,80
52,56,18
38,74,81
32,75,60
38,3,80
73,23,77
15,45,57
15,14,54
105,45,62
20,95,77
91,25,43
54,69,70
24,44,78
60,51,52
54,14,74
37,105,39
46,114,70
42,52,24
31,92,68
102,35,97
92,43,58
110,30,51
30,39,70
65,31,73
47,74,56
114,54,80
81,6,86
41,33,64
10,101,70
59,47,24
50,84,52
8,3,81
103,24,54
29,9,58
105,53,84
28,47,39
22,30,51
9,91,69
105,28,55
55,41,62
20,63,76
81,2,84
63,40,73
29,81,50
100,36,56
71,26,59
9,14,71
49,36,51
14,53,78
35,79,53
16,52,28
12,26,81
66,48,21
21,34,39
68,37,41
10,65,58
18,23,67
11,15,59
79,45,31
99,10,83
16,92,35
51,1,36
37,85,52
35,1,63
46,69,60
17,16,50
45,104,68
30,102,86
6,9,94
39,5,42
27,51,67
26,82,94
19,68,77
103,29,32
105,44,73
111,29,19
45,96,34
33,54,91
103,45,47
54,110,56
35,92,70
61,7,43
115,48,57
89,43,51
65,51,49
57,45,53
43,6,88
19,60,69
92,52,32
42,79,13
54,35,98
89,24,48
51,79,26
30,79,41
69,27,65
96,27,48
94,18,44
61,25,23
70,6,89
35,67,56
15,48,43
39,66,36
27,66,48
12,59,41
39,82,76
11,55,73
53,104,90
55,17,76
78,32,78
55,61,46
40,80,85
52,17,47
15,40,67
59,48,24
102,13,62
98,45,63
12,32,67
60,8,65
50,78,84
108,55,87
98,50,73
14,8,64
107,10,63
50,19,81
6,79,51
22,106,63
42,80,57
8,47,55
85,11,77
81,32,70
34,76,43
37,59,14
16,69,38
69,44,65
30,70,79
17,93,72
30,21,67
88,55,91
80,35,96
45,91,55
97,17,43
104,16,55
52,47,30
52,102,59
16,102,62
78,24,79
23,3,75
115,26,90
52,74,57
47,81,53
44,78,86
69,24,58
6,78,93
27,115,84
32,44,75
63,39,64
55,20,84
45,89,41
114,23,65
52,34,26
37,23,38
76,18,65
6,37,56
16,60,43
41,75,46
19,8,80
21,25,43
92,46,56
28,60,49
71,21,37
84,25,30
8,17,72
40,89,52
83,34,51
26,98,83
35,63,85
82,5,52
19,55,84
31,16,64
109,55,82
63,48,49
32,110,44
76,22,41
57,30,63
43,18,74
103,49,51
15,98,62
24,66,41
57,51,48
31,72,82
15,86,58
68,38,71
15,32,62
99,7,87
36,77,55
67,38,42
42,102,58
98,31,83
52,86,43
36,8,56
22,86,41
100,28,59
13,104,57
53,39,82
16,7,54
97,35,59
108,22,56
52,89,25
59,10,42
13,11,51
102,11,77
52,98,47
64,49,78
36,53,70
23,45,61
12,89,45
49,37,39
50,115,81
27,38,79
105,43,72
21,115,68
25,108,63
19,43,81
36,47,36
36,90,53
26,104,88
41,27,63
111,35,56
49,97,41
12,40,72
86,13,49
25,10,52
38,6,86
84,21,39
31,75,74
13,90,53
20,52,55
31,25,67
33,70,83
28,10,56
28,96,27
78,17,78
34,40,53
8,55,79
40,32,74
61,13,25
9,114,77
52,83,51
47,91,42
9,33,88
109,8,78
69,28,44
77,38,73
98,36,53
70,24,75
113,54,57
36,114,52
24,3,79
104,18,75
54,93,80
56,41,26
32,65,57
106,19,89
12,19,75
32,106,85
33,103,62
14,92,46
33,72,77
31,22,60
44,90,75
54,3,91
69,9,67
27,62,94
52,108,58
64,34,58
21,13,45
80,24,81
84,33,55
50,57,64
105,24,69
57,39,54
51,85,70
29,75,39
13,12,53
17,103,53
75,22,37
13,18,56
26,27,91
72,22,45
9,4,46
96,38,42
49,93,70
111,36,24
59,21,34
79,37,8
97,40,48
8,63,71
8,72,71
9,37,50
31,88,98
50,17,75
54,36,66
98,53,85
81,36,55
8,111,43
46,94,45
114,40,73
105,46,70
50,68,75
85,3,89
5,27,54
41,98,55
60,41,48
48,25,34
83,1,50
37,15,34
37,21,33
54,61,52
48,27,58
85,31,94
55,23,73
7,22,49
86,20,73
110,28,33
53,58,54
21,24,63
95,22,45
48,75,41
84,24,47
6,86,80
44,33,86
61,29,18
26,94,57
54,26,96
46,32,71
7,18,74
48,40,55
44,43,81
59,33,52
35,16,67
112,55,76
18,21,63
40,17,74
42,28,33
78,47,61
73,8,83
37,24,42
6,80,95
100,39,68
33,22,55
83,41,59
106,12,85
7,5,45
113,46,51
86,42,42
83,12,71
10,9,78
85,4,47
25,49,51
40,77,76
21,16,43
13,8,58
104,24,75
12,66,38
45,69,52
68,24,70
21,107,54
27,81,79
25,11,49
39,77,67
13,105,51
81,40,76
32,91,59
34,35,64
101,46,73
31,35,100
49,104,72
30,105,73
17,46,72
24,6,85
39,96,36
37,55,48
2,13,68
1,32,46
95,43,73
3,30,83
45,6,79
37,74,50
109,19,82
21,47,42
77,26,85
54,56,53
27,64,88
66,14,32
50,106,91
112,39,65
10,76,64
10,50,74
93,38,74
19,65,63
113,28,36
33,18,79
14,80,72
65,28,46
109,25,58
23,54,79
104,54,84
13,39,51
51,12,57
8,78,81
33,17,78
31,83,87
106,44,92
27,90,77
99,23,81
38,51,61
62,55,93
54,24,83
15,101,64
83,23,70
45,106,81
9,88,93
12,47,50
114,42,45
87,7,85
30,5,51
112,24,70
16,115,57
45,62,80
102,22,57
48,109,56
13,40,60
98,55,76
17,35,86
25,113,29
39,20,73
22,110,22
26,113,63
80,4,47
46,30,77
90,32,67
44,36,61
35,9,95
44,48,58
54,43,86
67,43,44
24,17,70
19,77,79
108,50,85
53,46,88
101,47,48
49,78,76
34,109,53
43,113,53
44,63,76
10,60,61
83,17,73
13,106,67
93,24,73
1,20,54
23,94,40
108,46,82
41,48,36
21,45,56
65,36,43
15,47,45
24,40,75
28,107,51
19,75,68
51,52,37
8,93,75
114,20,76
26,80,94
42,107,41
92,40,59
111,55,47
4,22,13
97,44,50
90,33,78
25,29,32
79,20,44
20,67,48
96,29,19
114,49,66
42,5,23
23,50,72
7,114,71
23,105,65
89,29,26
68,40,74
7,30,78
60,37,33
36,9,63
18,65,60
29,84,25
33,92,63
109,30,80
52,38,49
7,9,79
62,30,91
29,78,57
44,76,72
